{
  "clean_baseline": {
    "acc": 0.9444444444444444,
    "auc": 0.9894736842105263
  },
  "perturbation_robustness": {
    "clean": {
      "acc": 0.9444444444444444,
      "auc": 0.9894736842105263
    },
    "jpeg_q30": {
      "acc": 0.9222222222222223,
      "auc": 0.9815479876160991,
      "delta": -0.022222222222222143
    },
    "jpeg_q50": {
      "acc": 0.9388888888888889,
      "auc": 0.9879876160990712,
      "delta": -0.005555555555555536
    },
    "jpeg_q70": {
      "acc": 0.9333333333333333,
      "auc": 0.9872445820433436,
      "delta": -0.011111111111111072
    },
    "noise_s5": {
      "acc": 0.9222222222222223,
      "auc": 0.9796904024767803,
      "delta": -0.022222222222222143
    },
    "noise_s15": {
      "acc": 0.75,
      "auc": 0.8918885448916408,
      "delta": -0.19444444444444442
    },
    "noise_s30": {
      "acc": 0.6611111111111111,
      "auc": 0.7359752321981424,
      "delta": -0.2833333333333333
    },
    "resize_128": {
      "acc": 0.5888888888888889,
      "auc": 0.8537461300309598,
      "delta": -0.3555555555555555
    },
    "resize_64": {
      "acc": 0.48333333333333334,
      "auc": 0.7312693498452012,
      "delta": -0.4611111111111111
    },
    "crop_70pct": {
      "acc": 0.8944444444444445,
      "auc": 0.9699071207430341,
      "delta": -0.04999999999999993
    },
    "crop_50pct": {
      "acc": 0.8166666666666667,
      "auc": 0.9071207430340558,
      "delta": -0.12777777777777777
    },
    "blur_r1": {
      "acc": 0.8888888888888888,
      "auc": 0.9627244582043344,
      "delta": -0.05555555555555558
    },
    "blur_r3": {
      "acc": 0.5666666666666667,
      "auc": 0.8222910216718265,
      "delta": -0.37777777777777777
    },
    "bright_0.7": {
      "acc": 0.9444444444444444,
      "auc": 0.9902167182662538,
      "delta": 0.0
    },
    "bright_1.3": {
      "acc": 0.9,
      "auc": 0.9799380804953561,
      "delta": -0.0444444444444444
    },
    "social_media": {
      "acc": 0.9333333333333333,
      "auc": 0.9884829721362229,
      "delta": -0.011111111111111072
    }
  },
  "threshold_calibration": {
    "0.3": {
      "precision": 0.8679245283018868,
      "recall": 0.92,
      "f1": 0.8899009108197378,
      "fp_rate": 0.14
    },
    "0.4": {
      "precision": 0.873015873015873,
      "recall": 0.9166666666666666,
      "f1": 0.8915989159891599,
      "fp_rate": 0.13333333333333333
    },
    "0.5": {
      "precision": 0.8892508143322475,
      "recall": 0.91,
      "f1": 0.8983194934866134,
      "fp_rate": 0.11333333333333333
    },
    "0.6": {
      "precision": 0.8943894389438944,
      "recall": 0.9033333333333333,
      "f1": 0.8983307916031233,
      "fp_rate": 0.10666666666666667
    },
    "0.7": {
      "precision": 0.893687707641196,
      "recall": 0.8966666666666666,
      "f1": 0.8949997083325232,
      "fp_rate": 0.10666666666666667
    },
    "0.8": {
      "precision": 0.902027027027027,
      "recall": 0.89,
      "f1": 0.8966620738699498,
      "fp_rate": 0.09666666666666666
    },
    "0.9": {
      "precision": 0.9065743944636678,
      "recall": 0.8733333333333333,
      "f1": 0.8916302423870245,
      "fp_rate": 0.09
    },
    "0.95": {
      "precision": 0.9142857142857143,
      "recall": 0.8533333333333334,
      "f1": 0.8865406006674083,
      "fp_rate": 0.08
    }
  },
  "recommended_threshold": null,
  "worst_case_adversarial": {
    "acc": 0.65,
    "auc": 0.8144891640866874
  },
  "n_real": 300,
  "n_fake": 300
}