{
  "per_generator": {
    "AnimagineXL": {
      "acc": 0.993,
      "auc": 0.99956,
      "f1": 0.9929995249581209,
      "prec": 0.9959789856536674,
      "rec": 0.99
    },
    "SD": {
      "acc": 0.9549999999999998,
      "auc": 0.99128,
      "f1": 0.9549951742342294,
      "prec": 0.9526184576872121,
      "rec": 0.9579999999999999
    },
    "SDXL": {
      "acc": 0.9720000000000001,
      "auc": 0.99666,
      "f1": 0.9719950476849487,
      "prec": 0.9798952905599838,
      "rec": 0.9639999999999999
    },
    "StyleGAN": {
      "acc": 0.6439999999999999,
      "auc": 0.70302,
      "f1": 0.6433258254702935,
      "prec": 0.6354500861457384,
      "rec": 0.6780000000000002
    },
    "Midjourney": {
      "acc": 0.923,
      "auc": 0.97706,
      "f1": 0.9229635402996428,
      "prec": 0.9377923257914589,
      "rec": 0.906
    },
    "DALL-E_3": {
      "acc": 0.9359999999999999,
      "auc": 0.9806799999999999,
      "f1": 0.9359967497387254,
      "prec": 0.9342257872846108,
      "rec": 0.9380000000000001
    }
  },
  "pooled": {
    "acc": 0.8320000000000001,
    "auc": 0.8915000000000001,
    "f1": 0.8308584361256923,
    "prec": 0.8839624127044378,
    "rec": 0.764
  },
  "leave_one_out": {
    "AnimagineXL": {
      "acc": 0.998,
      "auc": 1.0,
      "f1": 0.997999991999968
    },
    "SD": {
      "acc": 0.95,
      "auc": 1.0,
      "f1": 0.949874686716792
    },
    "SDXL": {
      "acc": 0.992,
      "auc": 1.0,
      "f1": 0.9919994879672299
    },
    "StyleGAN": {
      "acc": 0.593,
      "auc": 0.794292,
      "f1": 0.5121957066030963
    },
    "Midjourney": {
      "acc": 0.983,
      "auc": 1.0,
      "f1": 0.9829950855797325
    },
    "DALL-E_3": {
      "acc": 0.996,
      "auc": 1.0,
      "f1": 0.995999935998976
    }
  }
}