{
  "timestamp": "2026-03-22T23:59:06.522268",
  "dataset": "Hemg/AI-Generated-vs-Real-Images-Datasets",
  "feature_count": 49,
  "results": [
    {
      "total": 400,
      "xgb": {
        "accuracy": 0.67,
        "precision": 0.6752577319587629,
        "recall": 0.655,
        "f1": 0.6699257332899902,
        "roc_auc": 0.75155
      },
      "svm": {
        "accuracy": 0.6975,
        "precision": 0.7025641025641025,
        "recall": 0.685,
        "f1": 0.697452726988592,
        "roc_auc": 0.7725
      },
      "mlp": {
        "accuracy": 0.7,
        "precision": 0.6904761904761905,
        "recall": 0.725,
        "f1": 0.699812382739212,
        "roc_auc": 0.7897
      }
    },
    {
      "total": 1000,
      "xgb": {
        "accuracy": 0.758,
        "precision": 0.764344262295082,
        "recall": 0.746,
        "f1": 0.7579651469811652,
        "roc_auc": 0.843684
      },
      "svm": {
        "accuracy": 0.744,
        "precision": 0.7552301255230126,
        "recall": 0.722,
        "f1": 0.7438760360014247,
        "roc_auc": 0.8290820000000001
      },
      "mlp": {
        "accuracy": 0.754,
        "precision": 0.7550200803212851,
        "recall": 0.752,
        "f1": 0.7539990159960639,
        "roc_auc": 0.838132
      }
    },
    {
      "total": 2000,
      "xgb": {
        "accuracy": 0.7705,
        "precision": 0.7757390417940877,
        "recall": 0.761,
        "f1": 0.7704792857555395,
        "roc_auc": 0.863119
      },
      "svm": {
        "accuracy": 0.7645,
        "precision": 0.765295887662989,
        "recall": 0.763,
        "f1": 0.7644994701238078,
        "roc_auc": 0.8491545
      },
      "mlp": {
        "accuracy": 0.778,
        "precision": 0.780241935483871,
        "recall": 0.774,
        "f1": 0.7779964479431671,
        "roc_auc": 0.857905
      }
    },
    {
      "total": 4000,
      "xgb": {
        "accuracy": 0.79475,
        "precision": 0.7984810126582278,
        "recall": 0.7885,
        "f1": 0.7947419821086761,
        "roc_auc": 0.8877880000000001
      },
      "svm": {
        "accuracy": 0.7815,
        "precision": 0.7829145728643216,
        "recall": 0.779,
        "f1": 0.7814986343664647,
        "roc_auc": 0.86796925
      },
      "mlp": {
        "accuracy": 0.7885,
        "precision": 0.7803692905733722,
        "recall": 0.803,
        "f1": 0.7884555227736632,
        "roc_auc": 0.8725355000000001
      }
    }
  ]
}